name,cost,pdfBonus,pdcBonus,armBonus,evasionBonus,compatibleClasses,category,vehicleBonus,vehicleBonusTarget
Enmitic Disintegrator Pistol,400,80,0,0,0,LEGER,FIREARM,0,
Gauss Blaster,850,150,0,25,0,LEGER,FIREARM,0,
Tesla Carbine,1600,300,0,25,0,LEGER,FIREARM,0,
Gauss Flayer,1500,200,0,50,0,TIREUR,FIREARM,0,
Gauss Reaper,2300,350,0,60,0,TIREUR,FIREARM,0,
Gauss Destructor,2600,400,0,80,0,TIREUR,FIREARM,0,
Particle Caster,1000,0,200,0,0,MASTODONTE,FIREARM,0,
Transdimensional Beamer,1500,0,300,0,0,MASTODONTE,FIREARM,0,
Particle Beamer,2000,0,400,0,0,MASTODONTE,FIREARM,0,
Voltaic Staff,900,100,0,0,0,ELEMENTAIRE,FIREARM,0,
Thermal Cutting Beam,2250,250,0,0,0,ELEMENTAIRE,FIREARM,0,
Entropic Lance,2500,300,0,0,0,ELEMENTAIRE,FIREARM,0,
Eldritch Lance,3000,400,0,0,0,ELEMENTAIRE,FIREARM,0,
Gauss Cannon,3400,80,0,0,0,PILOTE_DESTRUCTEUR,FIREARM,100,GROUND
Heavy Gauss Cannon,5500,400,0,200,0,PILOTE_DESTRUCTEUR,FIREARM,100,AERIAL
Enmitic Annihilator,5800,500,0,100,0,PILOTE_DESTRUCTEUR,FIREARM,100,GROUND
Synaptic Disintegrator,1000,150,0,30,0,SNIPER,FIREARM,0,
Particle Shredder,1800,300,0,50,0,SNIPER,FIREARM,0,
Enmitic Exterminator,2300,400,0,60,0,SNIPER,FIREARM,0,
Flensing Claw,100,0,20,0,0,LEGER,MELEE,0,
Voidblade,200,0,40,0,0,LEGER,MELEE,0,
Hyperphase Reap-Blade,250,0,50,0,0,TIREUR,MELEE,0,
Hyperphase Sword,375,0,75,0,0,TIREUR,MELEE,0,
Hyperphase Glaive,450,0,90,0,0,MASTODONTE,MELEE,0,
Hyperphase Harvester,500,0,100,0,0,MASTODONTE,MELEE,0,
Gauntlet of Fire,450,0,50,0,0,ELEMENTAIRE,MELEE,0,
Warscythe,1000,0,85,0,0,ELEMENTAIRE,MELEE,0,
Monomolecular Proboscis,125,0,25,0,0,PILOTE_DESTRUCTEUR,MELEE,0,
Rod of Covenant,250,0,50,0,0,PILOTE_DESTRUCTEUR,MELEE,0,
Staff of Light,500,0,100,0,0,PILOTE_DESTRUCTEUR,MELEE,0,
Tachyon Arrow,200,0,40,0,0,SNIPER,MELEE,0,
Hyperphase Thresher,300,0,60,0,0,SNIPER,MELEE,0,
Phylactery,750,0,0,50,10,LEGER,DEFENSIVE,0,
Solar Pulse,2500,0,0,0,25,LEGER,DEFENSIVE,0,
Phase Shifter,500,0,0,50,0,TIREUR,DEFENSIVE,0,
Sempiternal Weave,1000,0,0,100,0,TIREUR,DEFENSIVE,0,
Quantum Shielding,2000,0,0,200,0,TIREUR,DEFENSIVE,0,
Lightning Field,250,0,0,30,0,MASTODONTE,DEFENSIVE,0,
Dispersion Shield,1500,0,0,150,0,MASTODONTE,DEFENSIVE,0,
Bouclier balistique,3000,0,0,300,0,MASTODONTE,DEFENSIVE,0,
Veil of Darkness,1250,0,0,0,15,LEGER,DEFENSIVE,0,
Nightmare Shroud,3000,0,0,100,20,LEGER,DEFENSIVE,0,
Gloom Prism,1750,0,0,100,0,ELEMENTAIRE,DEFENSIVE,0,
Chronometron,2250,0,0,200,0,ELEMENTAIRE,DEFENSIVE,0,
Mindshackle Scarabs,2250,0,0,200,0,ELEMENTAIRE,DEFENSIVE,0,
Armure thermique,2750,0,0,200,0,ELEMENTAIRE,DEFENSIVE,0,
Protège-dents,150,0,0,20,0,PILOTE_DESTRUCTEUR,DEFENSIVE,0,
Casque militaire,750,0,0,75,0,PILOTE_DESTRUCTEUR,DEFENSIVE,0,
Gilet Kevlar,1500,0,0,150,0,PILOTE_DESTRUCTEUR,DEFENSIVE,0,
Treillis de camouflage urbain,1500,0,0,100,10,SNIPER,DEFENSIVE,0,
Gilet de camouflage optique,2500,0,0,125,10,SNIPER,DEFENSIVE,0,
