name,displayName
Enmitic Disintegrator Pistol,Pistolet désintégrateur enmitique
Gauss Blaster,Éclateur gauss
Tesla Carbine,Carabine tesla
Gauss Flayer,Fusil gauss
Gauss Reaper,Faucheur gauss
Gauss Destructor,Destructeur gauss
Particle Caster,Émetteur à particules
Transdimensional Beamer,Transmetteur transdimensionnel
Particle Beamer,Diffuseur à particules
Voltaic Staff,Bâton voltaïque
Thermal Cutting Beam,Rayon de découpe thermique
Entropic Lance,Lance entropique
Eldritch Lance,Lance surnaturelle
Gauss Cannon,Canon gauss
Heavy Gauss Cannon,Canon gauss lourd
Enmitic Annihilator,Annihilateur enmitique
Synaptic Disintegrator,Désintégrateur synaptique
Particle Shredder,Broyeur à particules
Enmitic Exterminator,Exterminateur enmitique
Flensing Claw,Griffe écorcheuse
Voidblade,Lame du vide
Hyperphase Reap-Blade,Lame faucheuse hyperphase
Hyperphase Sword,Épée hyperphase
Hyperphase Glaive,Glaive hyperphase
Hyperphase Harvester,Moissonneuse hyperphase
Gauntlet of Fire,Gantelet de feu
Warscythe,Faux de guerre
Monomolecular Proboscis,Proboscis monomoléculaire
Rod of Covenant,Sceptre du Pacte
Staff of Light,Bâton de lumière
Tachyon Arrow,Flèche tachyonique
Hyperphase Thresher,Batteuse hyperphase
Phylactery,Phylactère
Solar Pulse,Impulsion solaire
Phase Shifter,Déphaseur
Sempiternal Weave,Trame sempiternelle
Quantum Shielding,Bouclier quantique
Lightning Field,Champ d'éclairs
Dispersion Shield,Bouclier de dispersion
Bouclier balistique,Bouclier phasique lourd
Veil of Darkness,Voile de ténèbres
Nightmare Shroud,Linceul de cauchemars
Gloom Prism,Prisme de pénombre
Chronometron,Chronométron
Mindshackle Scarabs,Scarabées asservisseurs
Armure thermique,Armure adaptative nécrodermique
Protège-dents,Protecteur mandibulaire nécrodermique
Casque militaire,Casque de métal vivant
Gilet Kevlar,Gilet de métal vivant
Treillis de camouflage urbain,Camouflage phasique urbain
Gilet de camouflage optique,Camouflage à distorsion de phase
